{"loss": [4.632366525495477, 3.886757674315589, 2.5815265039812427, 2.0555759840936894, 1.2026672289242768, 1.0816168924645733, 1.31728066895612, 0.8090286676091278, 0.45127805069403965, 0.40395602986981327, 0.36904264128394987, 0.4471781068718494, 0.39654212393818705, 0.1811832515525862, 0.15151902195962344, 0.11493149959365884, 0.0795178957163916, 0.08853145479431943, 0.07463562262201116, 0.06618786638452309, 0.05943854568119671, 0.0647918528041058, 0.048812763184914176, 0.03678381446985746, 0.04629682708149752, 0.03247834484823275, 0.027076937553199638, 0.03199114917014816, 0.04045369953202758, 0.017511205153025775, 0.04047417452500233, 0.018736564461400484, 0.0271768982722598, 0.018843055273600137, 0.026832241912820333, 0.01802751962907619, 0.020500073107160413, 0.019126104234559092, 0.02056739919992851, 0.014983133720965196, 0.02781245554516488, 0.01622129889661007, 0.022491859855385894, 0.014681467920862393, 0.015092899678542793, 0.023375248063367507, 0.011157915243096991, 0.01874045469000934, 0.015769923737207404, 0.01565427782579213, 0.017159528762655415, 0.018575605406946662, 0.012572234671695782, 0.014965309528323478, 0.011196161940489367, 0.011936144084886665, 0.01432796241423148, 0.012214572620824003, 0.010562402832607582, 0.008978268118167126, 0.012001224773789329, 0.016953271841577862, 0.006522690740250103, 0.008399386783442485], "accuracy": [0.09406778216362, 0.1914340853691101, 0.4410281777381897, 0.5537933111190796, 0.7625916600227356, 0.7633265256881714, 0.6645758748054504, 0.7879202365875244, 0.8770658373832703, 0.8802105784416199, 0.8905676007270813, 0.869494616985321, 0.8811676502227783, 0.9452410936355591, 0.9548973441123962, 0.9667754769325256, 0.9757139682769775, 0.9747056365013123, 0.9789441227912903, 0.9818153977394104, 0.9838150143623352, 0.9833706617355347, 0.987079381942749, 0.9905316829681396, 0.9883269667625427, 0.9909247756004333, 0.9922065734863281, 0.9919331669807434, 0.9903779029846191, 0.9948556423187256, 0.9904633164405823, 0.9948043823242188, 0.9934200644493103, 0.9948727488517761, 0.9938473105430603, 0.9953000545501709, 0.994924008846283, 0.9953000545501709, 0.9953684210777283, 0.9962912797927856, 0.9937447905540466, 0.9963425397872925, 0.9953000545501709, 0.9960691332817078, 0.9966331124305725, 0.9953684210777283, 0.9971458315849304, 0.9957101941108704, 0.9965647459030151, 0.997162938117981, 0.9968211054801941, 0.9960520267486572, 0.9971800446510315, 0.9967014789581299, 0.9973167181015015, 0.9972825646400452, 0.9966331124305725, 0.996906578540802, 0.9977440237998962, 0.997880756855011, 0.9974534511566162, 0.9965818524360657, 0.9983251094818115, 0.9984276294708252], "precision": [0.08632778376340866, 0.43728870153427124, 0.6696968674659729, 0.736960232257843, 0.8380503058433533, 0.8451659083366394, 0.8134238123893738, 0.8558342456817627, 0.9117347002029419, 0.9114404320716858, 0.9206259846687317, 0.9164627194404602, 0.9170940518379211, 0.9571343660354614, 0.9633024334907532, 0.9725426435470581, 0.9795823693275452, 0.9787391424179077, 0.981825053691864, 0.9842939972877502, 0.9859979152679443, 0.9853543639183044, 0.9887401461601257, 0.9916613698005676, 0.9896373748779297, 0.9917992353439331, 0.9930337071418762, 0.9926924705505371, 0.9913371205329895, 0.9953135251998901, 0.991540789604187, 0.9953137636184692, 0.994012713432312, 0.9953636527061462, 0.994370698928833, 0.9956904053688049, 0.9952967166900635, 0.9956390857696533, 0.9957583546638489, 0.9966483116149902, 0.9943882822990417, 0.9965975880622864, 0.9958775639533997, 0.9964600205421448, 0.9969052672386169, 0.9958259463310242, 0.9972988367080688, 0.9963221549987793, 0.9968705773353577, 0.9973838329315186, 0.9970932006835938, 0.9963404536247253, 0.9973329305648804, 0.9969565868377686, 0.9974700212478638, 0.9973672032356262, 0.9969395399093628, 0.9970766305923462, 0.9978461265563965, 0.9980509281158447, 0.9976067543029785, 0.9967516660690308, 0.9984444379806519, 0.9985297918319702], "recall": [0.003366888267919421, 0.0442139096558094, 0.2631470859050751, 0.426449716091156, 0.7069952487945557, 0.7074225544929504, 0.5737382769584656, 0.7377074360847473, 0.8556852340698242, 0.8576678037643433, 0.866657555103302, 0.8384919166564941, 0.8556681871414185, 0.9368665814399719, 0.9484028816223145, 0.9625198841094971, 0.9733041524887085, 0.9716634750366211, 0.9768077731132507, 0.9800379276275635, 0.9820546507835388, 0.9819862842559814, 0.9860026240348816, 0.9898309707641602, 0.987472414970398, 0.9900702238082886, 0.9915571212768555, 0.9913691282272339, 0.989625871181488, 0.9945480227470398, 0.989625871181488, 0.9945992827415466, 0.993095338344574, 0.9943429231643677, 0.9932320713996887, 0.9950607419013977, 0.9945992827415466, 0.9950094819068909, 0.9950265884399414, 0.9960861802101135, 0.9933345913887024, 0.9962058663368225, 0.9950265884399414, 0.9958469271659851, 0.9964792728424072, 0.9948898553848267, 0.9969919919967651, 0.9954196810722351, 0.9962912797927856, 0.996906578540802, 0.996616005897522, 0.9957614541053772, 0.9969919919967651, 0.9965476393699646, 0.9972483515739441, 0.9970603585243225, 0.9965476393699646, 0.9967869520187378, 0.9976414442062378, 0.9976927638053894, 0.9973850846290588, 0.9964280128479004, 0.9982567429542542, 0.9982396364212036], "f1_score": [0.00648100208491087, 0.08030793070793152, 0.3778311610221863, 0.5402677655220032, 0.7669644951820374, 0.7701839804649353, 0.6728735566139221, 0.7923924922943115, 0.8828212022781372, 0.8837369084358215, 0.8928269147872925, 0.8757451176643372, 0.8853169083595276, 0.9468919634819031, 0.9557944536209106, 0.9675052762031555, 0.9764331579208374, 0.9751884341239929, 0.9793099164962769, 0.982161283493042, 0.984022319316864, 0.9836673736572266, 0.9873694181442261, 0.9907452464103699, 0.9885536432266235, 0.990933895111084, 0.9922947883605957, 0.9920302629470825, 0.9904807209968567, 0.9949305653572083, 0.990582287311554, 0.9949563145637512, 0.9935537576675415, 0.9948529601097107, 0.993800938129425, 0.995375394821167, 0.9949478507041931, 0.9953240752220154, 0.9953922629356384, 0.9963670969009399, 0.9938611388206482, 0.9964016675949097, 0.995451807975769, 0.9961533546447754, 0.9966921806335449, 0.9953575730323792, 0.9971452951431274, 0.9958707094192505, 0.9965808391571045, 0.9971450567245483, 0.9968544840812683, 0.9960507750511169, 0.997162401676178, 0.9967520236968994, 0.9973590970039368, 0.9972137212753296, 0.9967434406280518, 0.9969317317008972, 0.9977437257766724, 0.9978717565536499, 0.9974958300590515, 0.9965897798538208, 0.9983505010604858, 0.9983845949172974], "val_loss": [12.88728226551372, 4.550553687387455, 71.69763992528365, 5.833945243580928, 15.987428840079659, 2.689848678471255, 8.535448376471336, 3.9705621192844505, 6.009584409440186, 0.2320055494893272, 0.48965953792261235, 0.4654825654126335, 0.47393811606369873, 0.11876180038540651, 0.12029180401034138, 0.10103448176968385, 0.09108107288220084, 0.06068296946056996, 0.06230619825377369, 0.04042667064273061, 0.14633796781521533, 0.04544105391974182, 0.0321436070999453, 0.07597180873856314, 0.07023355520844418, 0.024612696198538692, 0.022806175856985144, 0.22566466642320074, 0.014843703572047414, 0.03507946352384096, 0.016162791455190707, 0.012898112973372216, 0.026151101629921642, 0.016075196522361942, 0.02695411454288569, 0.02985243492906861, 0.01628796756291774, 0.26023998227471185, 0.015400516569666194, 0.02056037694548576, 0.017731305750956227, 0.01648486255577878, 0.02609249352535567, 0.046012101308466086, 0.044591858928914846, 0.01638354270532943, 0.015756158536590268, 0.036326161014674216, 0.013175068257923925, 0.0345963702528774, 0.013932794769993036, 0.04650714930050409, 0.014302615411672558, 0.01742998285084125, 0.02612642111756721, 0.01704213738985143, 0.016825489663989338, 0.01430200820787458, 0.012206338330193214, 0.025341458624453625, 0.016139637452926976, 0.014428372176803818, 0.019416142995442087, 0.024249898074829225],